fcode	name	nickname	biography	yearBorn	notes*	Joseph Baker	dazzling cobra	Admit impact he hair. Mrs learn enjoy within. He region condition avoid.	1940	
*P	Logan Baker	angry parrot	Model or business try well life exactly.	1970	
*M	Natalie Cruz	noisy owl	Worry appear poor help open hour attention. Book southern husband kitchen eight plant where. Man human score talk stock tend camera.	1993	
*O2	Julian Baker	agile peacock	Leg let carry foot. Capital share eye military name fill these.	1985	
*CP	Charles Powell	calm hare	Cost free stage player available threat.	2007	
*CM	Amelia Scott	unusual octopus	Key probably development scene drug. Father second responsibility great.	1996	
*PPP	Aaron Baker	busy grasshopper	Listen drop approach wear. Scene general model style happy agree require. Current modern pick available. Spend single international then hotel radio.	2021	
*PPM	Harper Carter	comfortable peacock	Model seek as cut quite scientist thousand open. Stock crime party pick ok fine two.	1949	
*PP2	Charles Baker	lucky dolphin	That summer least identify kid you hit. Direction girl well training month. Lay head term office car theory.	2013	
*PO1	Grayson Baker	colorful emu	President meeting production ok smile factor. Generation baby manager hear successful want. Yard edge improve table.	1959	
*PMP	Benjamin Gonzalez	confident badger	Lot theory college discuss through. Painting hair fast relate.	1947	
*PMM	Madison Cruz	dazzling butterfly	Mission now drop. Memory peace environmental business.	1967	
*PM1	Nina Gonzalez	silly moose	Its present break situation protect.	1984	
*PA3	Addison Baker	tiny aardvark	Personal science baby perhaps. Best receive talk along PM.	1950	
*MPP	Oliver Patterson	grumpy coyote	Among professor machine right pull two party drive. Official change evidence system. Situation citizen but. Care indicate with buy program from.	2013	
*MPM	Katherine Cox	glamorous meerkat	Walk instead generation. Woman value section eye operation save pick heavy. Town song theory suddenly several former general them.	2004	
*MP1	Mateo Patterson	angry antelope	Parent heart that physical six. Science if if might yes. Manage difficult type garden character.	2018	
*MO2	Grayson Parker	fearless duck	Situation suggest myself on and cost. Car take world person true role talk family. Herself follow team moment add.	2003	
*MMP	Carter Diaz	generous alpaca	Oil TV single individual large. These surface thus responsibility.	1970	
*MMM	Sophia Adams	fantastic caterpillar	Catch coach arrive oil administration. Purpose there cold as customer.	2024	
*MM4	Ava Bailey	dangerous toad	Structure strong have among campaign dream probably heart. Reality sit break whole out toward but. During similar soon affect officer house fill. Lot short nature great.	1948	
*CPP	Levi Baker	scary swan	South detail respond. Give piece field trip black participant.	2024	
*CPM	Camila Watson	silly dolphin	Evidence wide remain car main western much peace. South standard rest participant size out imagine. Radio now receive line expert record magazine.	2021	
*CO2	Samuel Baker	innocent badger	Agreement cultural degree ten home. Almost upon business occur.	1966	
*CO1	Dylan Baker	hungry chameleon	Character poor base these pay list Congress. Product room response range explain.	1942	
*CMP	Samuel Lee	graceful deer	Major within employee blue boy chair. According often above down specific along.	1948	
*CMM	Isabella Griffin	helpful bear	Plan job will stuff. Lose together eat some free loss realize agency. Mention vote mean source senior.	1944	
*PPO5	Lucas Baker	graceful crow	Case interest area realize economic. Four car site agree.	1942	
*PPH1	Henry Baker	crazy bat	Sell management level. Those their street way debate church than. Analysis wall thus TV direction all moment. Ok office rule education.	1962	
*PPA6	Brielle Baker	cold koala	Nothing particular suddenly throw. Word authority shake.	2016	
*PPA4	¿? Baker	humble dingo	Place whatever country. When color home life relationship later miss. Theory trouble yard entire never event low.	2013	
*PPA3	¿? Baker	friendly rabbit	Find government help beyond alone voice. Never indeed hot happy home. Term hundred type democratic weight and.	1989	
*PMH2	Daniel Gonzalez	optimistic donkey	Support player shoulder. Improve pass site everyone.	1979	
*MPO7	Isaac White	agile ladybug	Kid left low peace like record space. Spend final yeah child.	2005	
*MPO6	Thomas Foster	energetic grasshopper	Material mean recently dog stay. Region total sister look. Once heart home score hot consumer. Rate laugh lot short much.	1988	
*MPO4	Ezra Patterson	fearless peacock	Lawyer simply month give explain. Pressure weight effect everyone building much positive after.	2005	
*MPO4	Abigail Ward	imaginative armadillo	Wait task think operation friend meeting past trouble. Fire would crime can say sound never. Second air hold base picture work car.	1999	
*MPO.	Levi Patterson	excited caterpillar	Newspaper bad any church. Reach million size southern room carry white. Although attention huge than.	2020	
*MPA5	Ariana Watson	wise penguin	Floor capital region. Situation our all national bag before small.	2022	
*MPA3	Sophie Patterson	warm crab	Only subject mean this series customer training create. Say north then play kind good.	2000	
*MPA2	Kylie Patterson	fantastic fox	Relationship something must camera determine rate. Easy money skill improve month especially walk.	1963	
*MPA.	Evelyn Patterson	enthusiastic bison	Decision enough suffer method sell quality Congress. Case sing close employee ago have management.	2018	
*MPA.	Madison Patterson	attractive jellyfish	Organization reflect condition yard model member food. Rule value sometimes talk.	1961	
*MO2C	Ella Harris	amazing mole	Join continue real we still can owner. Face culture too final late reality.	1960	
*MMO3	Gabriel Diaz	intelligent iguana	Rich probably us wonder. Establish space assume recently maintain nation.	1977	
*MMO1	Caleb Diaz	clumsy emu	Memory tax above down through involve campaign. Single commercial wear. Office check although election.	2024	
*MMA2	Sophie Diaz	noisy snake	Down safe activity mention begin have.	2004	
*CPO2	Michael Powell	abundant crow	Write everybody rich since product policy.	2009	
*CMPP	Lucas Lee	creative horse	Raise cup some right morning mother just. Southern force capital feel.	1952	
*CMPM	Layla Martin	wonderful caribou	Wait guy west. Family girl recent draw high car rise.	1963	
*CMMP	Landon Watson	impressive buffalo	Game threat present your us box according. Little military use work play affect. Cut few director result federal here economic.	2017	
*CMMM	Lila Gray	adorable ox	Technology different hand. Back best need kind nor agreement accept. Nation after thank.	1950	
*CMA1	Evelyn Lee	kind goat	About in weight issue field half. Phone his report establish summer society law oil. Compare sister six admit moment.	2007	
*PPA3C	Liam Ward	unique whale	Add war listen. Surface recently really often yes subject level. Science eat get process sort defense benefit.	2005	
*PO1o1	Isaac Baker	crazy panther	Happy approach too career sell. Point build whom happy determine. Hand whole capital not individual.	1949	
*PA3o2	Mason Anderson	lazy orangutan	They left should talk. Vote work and step factor.	1974	
*PA3o1	Mason Anderson	humble hornet	Eight they just prove attack. Shoulder though school recognize all network type.	1970	
*MPO7C	Peyton Ward	different butterfly	Successful fall night reflect art ago. Court film read go decide discuss place believe. Surface past time sound.	1954	
*MPO6C	Lila Ward	victorious lemur	Pm may million budget. Stage we necessary baby range. Including act program like.	1940	
*MPA5C	Landon Parker	dangerous owl	Per certainly line admit exist. Look true six people drive building similar. Job foot career sell yeah.	2020	
*MPA3C	¿? Taylor	powerful frog	Culture seek according compare. Deal writer old factor maybe friend.	2007	
*MPA2C	Sebastian Ramirez	gentle owl	While spring series color establish eight full.	1999	
*MMO3C	Scarlett Ward	honest giraffe	With concern study alone alone similar. Series hand wonder point.	1976	
*MMO1C	¿? Ward	independent toad	Pass control case mouth myself natural spring down. Need up maybe. Image hard candidate free tree never base.	1980	
*MMA2C	Anthony Campbell	friendly lizard	Enjoy through phone church market year. Here serve officer sister with material.	1959	
*CMPO7	David Brooks	fabulous frog	Response kitchen education write newspaper. Who father military speak trip present again.	2000	
*CMPO1	Wyatt Lee	successful giraffe	Ask billion describe expect race.	2023	
*CMPMP	Benjamin Martin	gorgeous ostrich	Eye on huge culture few. Human mission deal ok analysis expert capital art. Image evening choice billion husband.	1978	
*CMPMM	Nora Taylor	healthy butterfly	May easy both board move reflect. Discuss far detail might black involve. Vote audience black discuss.	1967	
*CMPA6	Evelyn Lee	cold goat	Stop sister stay. International bag wall debate. Present avoid rule operation.	1958	
*CMPA5	Sophia Lee	innocent hippopotamus	Assume behind follow commercial among feeling crime enough. Still picture tax firm.	1971	
*CMPA4	Anna Lee	honest crocodile	Top get federal. Happy try trade indicate product political environment. Determine position war teacher form seven. Authority side window card.	1960	
*CMPA3	Savannah Lee	unique platypus	Nothing garden rock north green.	1982	
*CMMO6	Jack Turner	tall wolf	Again vote full amount building record. Guy property consumer born thank then. Away bar book without.	2021	
*CMMO1	Sebastian Turner	clumsy raccoon	Poor recent appear value realize town. Option debate television huge child.	1966	
*CMA1C	Thomas Peterson	adorable tortoise	And college small analysis fund member author. Step become religious action hair dream. Store long drop positive.	1949	
*PPO5o4	James Baker	calm pelican	Civil break explain purpose that begin seat. Poor suggest someone approach large himself.	2020	
*PPO5o3	Daniel Baker	dark turtle	Pattern leave expect part protect yet. Discover ten today recognize action edge short rather.	1992	
*PPO5o2	Carter Baker	amazing flamingo	Field million almost administration miss southern movie. Agency think couple. Executive medical break past if conference.	1985	
*PPO5o1	Levi Baker	dirty emu	Skill fast machine seek power prevent. Break great yet during major country.	1998	
*PPH1O1	Adam Baker	gentle swan	Dinner end she feel. These easy peace rich behavior other wear. Certainly animal they public action thank change social.	1991	
*PPH1A3	¿? Baker	safe rat	Structure city education agree life. Management material win from evening spend.	1996	
*PPH1A2	Evelyn Baker	brave parrot	Door they theory list dog skill. Film onto article single improve them mission.	1963	
*PPA4o4	Samuel Butler	careful octopus	Few treat career dark member. Teach board set century move lose. Group draw film rock.	1981	
*PPA4o2	Logan White	obedient chameleon	Before body part rather. Feel born where way art bed property. Finish someone early individual might fight. Writer power animal.	1949	
*PPA4a3	Grace White	kind toad	Money wife policy. Simply forget future page magazine table matter. Determine for question program site rise process.	1951	
*PPA4a1	¿? White	strong ox	Issue man similar. Night major parent. Address available trip.	1959	
*PPA3A3	Ellie Ward	honest deer	Just week heart attack network. Person kitchen among structure leave sea.	1954	
*PPA3A2	¿? Ward	quiet giraffe	Citizen article size course or ready mean. Fall of beautiful knowledge whole.	1999	
*PPA3A1	Camila Ward	smart zebra	Present item serious fly third. Explain across on onto party at. Detail expert evidence major set.	1950	
*PMH2o4	Connor Gonzalez	bright squirrel	Reason value we perhaps half. Feeling make list prove his century.	1971	
*PMH2o3	Elijah Gonzalez	bizarre hare	Bill ball respond agency something arm own.	1979	
*PMH2o2	Elijah Gonzalez	light turtle	Mean the yourself explain either. Debate woman whatever concern.	1975	
*PMH2a5	Luna Gonzalez	rich alpaca	Against coach value degree. Because whom Mrs natural type while.	1964	
*PMH2a1	Lucy Bailey	warm hedgehog	Police own size summer success. On that three reach add picture probably.	2006	
*MPO7o2	Julian Scott	abundant raccoon	I eight Mr shoulder. Provide Mrs each spend trip guess enjoy. Focus list service check catch far debate standard.	2008	
*MPO7a1	Mia Patterson	gentle snake	Where before may draw result without great interview. Maybe film simply best organization know side free. Material without foot among challenge usually.	2012	
*MPO6o3	Dylan Patterson	hungry bat	Positive find pick fund religious appear. Country write that gun than morning amount great. That suffer particularly about north less. Yet result strategy everything push instead those.	2007	
*MPO6o1	Luke Patterson	beautiful squirrel	Hundred training often still today across foreign fine. Realize face parent college yes Mrs rich. Activity summer if hour.	1989	
*MPO6a2	Skylar Patterson	lively alpaca	Tv center loss back.	1982	
*MPO4o2	Caleb Patterson	delightful cougar	Already energy bar chance glass team answer chance. Keep others decade father treatment.	2009	
*MPO4a1	Nina Patterson	tiny mongoose	Control now season whole. Campaign build tax direction movie a. Create official power seem.	2020	
*MPA5o3	Alexander Parker	safe rabbit	Program region rest for. Capital anyone its financial.	2014	
*MPA5a2	Mia Parker	warm zebra	Available study one traditional issue public. Never everyone fear decide site page wrong. Position mission election.	2022	
*MPA5a1	Nina Parker	beautiful meerkat	Strategy real anything capital doctor catch. Debate serve range deal itself cost some full. Up director bag again. Response over agree shake north guess base.	1963	
*MPA3o6	¿? Long	tall penguin	Blood baby western term cause base seven strong. Movement although buy play. Cell base race plan scene.	1942	
*MPA3o5	Sebastian Taylor	bright zebra	During new really accept far. Including book determine part. Mention indicate hope fine identify behind better father.	2019	
*MPA3o4	¿? Taylor	lively frog	Imagine road sure energy car spring. Answer certainly travel.	2009	
*MPA3o1	Elijah Taylor	clever coyote	Born group protect bag. Account find lay star agency show prevent. Movie above answer catch answer seek paper.	1945	
*MPA3a3	Bella Taylor	dirty mantis	Assume article resource prove. There consider wish.	1995	
*MPA3a2	Kylie Taylor	cool goose	Late off pay. Store fine owner. Medical teach receive better see office. Democratic culture official save bag agree.	1982	
*MPA2o2	David Ramirez	perfect ostrich	Pretty yard half whose station skin. Have bill amount thing store.	2007	
*MPA2a1	Kinsley Ramirez	fancy ostrich	Realize floor record life television man officer. Remain special world power fact. Nearly everybody recently relationship maybe beautiful whether against.	1974	
*MMO3o1	Carter Diaz	humble butterfly	Hospital rise rest media others seek. Term receive term arm. Worker collection owner top.	2019	
*MMO1a1	Isabella Brooks	hopeful ape	Take should third realize. First green memory administration food mention sing. Machine require size feeling their indeed.	1977	
*MMA2o6	Henry Campbell	clumsy raven	Much medical son piece save. Bed action pass move visit. Computer wait difficult energy tax be assume course.	1988	
*MMA2a5	Katherine Campbell	dirty butterfly	Federal accept into finally relate take bit. Military open agency article and technology.	1960	
*MMA2a4	Ella Campbell	careful raven	Within ground measure none heavy indeed top. After station product significant. Nice couple sea meet expert company point. Training hair line writer marriage.	1989	
*MMA2a3	Sophie Campbell	fancy squirrel	Television above site risk way.	2021	
*MMA2a2	Ella Campbell	dirty crow	Whatever station power development. Work safe hold business happen two. Company help news table nature begin white fine.	1965	
*MMA2a1	Nina Campbell	lively goat	Heart data sit way clear one yard. Child now effect figure world one.	2010	
*CMPO7C	Kylie 	helpful caterpillar	Later however race blood. Happy expert friend plan without.	1965	
*CMPO1C	¿? 	massive hamster	It the pattern both military himself group world. Hit garden instead worry southern method various. Design room new the.	1954	
*CMPA6C	Robert Murphy	grumpy dragonfly	Lawyer rock player because memory unit ready result. Trial store sense hospital woman short view north. Responsibility support meet need can party.	1962	
*CMPA4C	Mateo 	creative monkey	Remain project kid control support already social. Your result big modern church.	1967	
*CMA1o2	Julian Peterson	glamorous alpaca	Could out begin voice traditional point. Attention past half field.	1987	
*CMA1o1	Aaron Peterson	bizarre yak	Magazine give person outside significant.	2009	
*PO1o1a1	Kinsley Baker	joyful raven	Leader color herself member from job. Why medical second ball sense race might claim. Make then skin relationship social fact purpose.	1959	
*CMPA6o6	Oliver Wright	unusual seal	Theory realize lot section big guy. Space guy high whatever leg southern opportunity seek. Practice tough court week pretty.	1987	
*CMPA6o5	Gabriel Wright	intelligent mouse	More by product financial she central newspaper in. Economy tax I friend business economy today.	2012	
*CMPA6o2	¿? Wright	hopeful cobra	Catch scientist generation side. Respond nature whole nothing find.	2008	
*CMPA6a4	Riley Bailey	charming hippopotamus	Message never myself animal easy test. New party whatever big. Evidence house family group once perhaps.	2015	
*CMPA6a3	Peyton Wright	thoughtful swan	But single visit baby price message morning paper. Now case before affect wide hundred. Recent say wall study minute once artist.	1959	
*CMPA6a1	Skylar Wright	wise bear	Open within technology television value size. Million require dog future not.	1949	
*CMPA4a1	Bella 	gigantic zebra	Money simple now risk describe me. Cultural order join blue few though. Allow send year study apply likely skill.	1964	
*CMPA3o1	Jackson Lee	cheerful quail	Main north relationship article party. Clear amount challenge such sing local.	1966	
*CMMO1o4	Caleb Turner	unique aardvark	Value factor project before throw. Million represent seat pretty cup impact weight. Little door its protect citizen sound operation movie. Area son number full nation.	1969	
*CMMO1a3	Peyton Turner	hopeful fox	Policy Mr response crime laugh free. Anything chair environmental out decide hold.	1955	
*CMA1o1C	Riley Sanchez	excited pelican	Political animal through one heavy be someone. Free seat security tree key. Bar new animal hotel I TV.	2011	
*MPA2a1a1	Evelyn Ward	safe mole	Attorney water certain still rule our. Anything job wait. Central agent theory decision discuss. Fly will truth whom.	1955	
*CMA1o1o1	Levi Peterson	tiny gorilla	Between leader produce side. Artist control better. Simple receive dream picture attention almost stuff.	1967	
